[
  {
    "id": "a9c59aa6-82ae-475c-b7e0-8edb7478e7a3",
    "data": [
      {
        "text": "si",
        "userDefined": false
      }
    ],
    "isTemplate": false,
    "count": 0,
    "lang": "pt-br",
    "updated": 0
  },
  {
    "id": "4ba4548f-80b9-4bbd-be5c-eed8ae57b9d3",
    "data": [
      {
        "text": "S",
        "userDefined": false
      }
    ],
    "isTemplate": false,
    "count": 0,
    "lang": "pt-br",
    "updated": 0
  },
  {
    "id": "bbf9f05a-854a-4522-b60a-d34d2c366df0",
    "data": [
      {
        "text": "y",
        "userDefined": false
      }
    ],
    "isTemplate": false,
    "count": 0,
    "lang": "pt-br",
    "updated": 0
  },
  {
    "id": "9a023965-50f6-4698-a445-751b0e3ff69e",
    "data": [
      {
        "text": "Yes",
        "userDefined": false
      }
    ],
    "isTemplate": false,
    "count": 0,
    "lang": "pt-br",
    "updated": 0
  },
  {
    "id": "5dc27ecd-2fdf-4d6d-abcf-e4a32db51c04",
    "data": [
      {
        "text": "Sim",
        "userDefined": false
      }
    ],
    "isTemplate": false,
    "count": 0,
    "lang": "pt-br",
    "updated": 0
  }
]